Patient_ID,Aspirin_Efficacy_Score,Aspirin_Side_Effects,Insulin_Efficacy_Score,Insulin_Side_Effects,Statins_Efficacy_Score,Statins_Side_Effects
1,0.52,0,0.44,1,0.6,0
2,0.22,1,0.11,0,0.3,1
3,0.96,1,0.18,0,0.78,1
4,0.9,1,0.82,0,0.35,0
5,0.99,0,0.56,0,0.91,0
6,0.68,0,0.69,1,0.97,0
7,0.51,0,0.52,1,0.23,1
8,0.22,1,0.7,1,0.4,1
9,0.32,0,0.16,0,0.64,1
10,0.46,1,0.0,1,0.71,0
11,0.21,1,0.77,0,0.46,1
12,0.24,1,0.08,0,0.18,1
13,0.52,0,0.05,1,0.39,1
14,0.41,0,0.86,0,0.97,0
15,0.61,0,0.57,0,0.56,0
16,0.53,0,0.76,0,0.63,0
17,0.73,0,0.36,0,0.04,1
18,0.2,0,0.79,0,0.29,0
19,0.03,1,0.73,0,0.66,1
20,0.54,0,0.75,1,0.17,0
21,0.26,0,0.78,1,0.08,0
22,0.61,0,0.39,1,0.25,0
23,0.53,0,0.76,1,0.41,0
24,0.47,1,0.55,1,0.22,0
25,0.52,0,0.91,1,0.53,0
26,0.7,0,0.04,0,0.36,1
27,0.33,1,0.62,1,0.11,1
28,0.82,0,0.21,1,0.24,1
29,0.59,1,0.27,0,0.89,1
30,0.26,0,0.52,0,0.22,1
31,0.49,0,0.39,0,0.49,1
32,0.31,1,0.81,1,0.29,0
33,0.71,0,0.42,1,0.9,0
34,0.52,0,0.98,1,0.05,1
35,0.82,1,0.84,1,0.65,1
36,0.52,0,0.32,1,0.88,0
37,0.09,1,0.78,0,0.6,0
38,0.79,1,0.03,0,0.35,0
39,0.38,1,0.75,1,0.87,0
40,0.48,1,0.22,1,0.01,0
41,0.65,1,0.93,1,0.34,0
42,0.14,0,0.51,1,0.19,0
43,0.56,1,0.96,0,0.84,1
44,0.48,1,0.18,0,0.22,1
45,0.76,1,0.13,1,0.59,0
46,0.75,0,0.9,0,0.04,1
47,0.24,1,0.14,0,0.08,0
48,0.74,0,0.94,1,0.18,0
49,0.37,0,0.21,0,0.4,1
50,0.48,1,0.56,0,0.61,1
51,0.61,1,0.54,0,0.67,0
52,0.33,1,0.55,1,0.37,0
53,0.02,1,0.47,1,0.89,1
54,0.3,1,0.88,0,0.42,0
55,0.03,1,0.39,0,0.14,1
56,0.22,0,0.08,0,0.01,1
57,0.59,1,0.81,0,0.7,1
58,0.49,0,0.99,0,0.31,0
59,0.65,1,0.3,1,0.12,0
60,0.83,0,0.93,1,0.46,0
61,0.33,1,0.3,1,0.73,1
62,0.23,0,0.13,0,0.7,1
63,0.49,0,0.56,0,0.54,0
64,0.56,1,0.75,1,0.12,1
65,0.54,0,0.47,0,0.14,1
66,0.28,0,0.81,0,1.0,1
67,0.06,1,0.45,1,0.09,1
68,0.02,0,0.14,0,0.03,1
69,0.27,0,0.77,1,0.21,0
70,0.04,0,0.59,1,0.96,0
71,0.35,0,0.72,0,0.4,1
72,0.03,1,0.51,1,0.61,0
73,0.83,1,0.52,0,0.17,0
74,0.59,1,0.66,1,0.08,0
75,0.01,1,0.12,1,0.2,1
76,0.7,1,0.27,1,0.66,1
77,0.13,1,0.96,0,0.85,0
78,0.53,1,0.51,1,0.59,1
79,0.38,0,0.58,0,0.09,0
80,0.88,0,0.5,0,0.62,1
81,0.88,0,0.29,1,0.88,0
82,0.31,1,0.04,1,0.53,1
83,0.09,1,0.75,1,0.66,1
84,0.99,1,0.62,1,0.11,0
85,0.35,1,0.17,0,0.93,0
86,0.48,0,0.22,0,0.9,1
87,0.51,0,0.06,0,0.9,0
88,0.42,1,0.62,0,0.58,0
89,0.89,0,0.71,0,0.49,0
90,0.48,0,0.15,1,0.25,1
91,0.46,0,0.62,1,0.54,1
92,0.87,1,0.24,0,0.92,0
93,0.0,1,0.43,1,0.67,0
94,0.13,0,0.92,1,0.8,1
95,0.01,1,0.61,0,0.9,0
96,0.7,1,0.63,1,0.21,1
97,0.67,1,0.84,1,0.07,1
98,0.14,0,0.63,1,0.99,1
99,0.38,1,0.11,1,0.96,1
100,0.95,1,0.63,0,0.82,0
